{
  "info": {
    "name": "BoxesWorld API",
    "_postman_id": "abcd-1234-efgh-5678",
    "description": "Test API for BoxesWorld backend",
    "schema": "https://schema.getpostman.com/json/collection/v2.1.0/collection.json"
  },
  "item": [
    {
      "name": "Subscribe",
      "request": {
        "method": "POST",
        "header": [],
        "url": {
          "raw": "http://localhost:4000/subscribe",
          "protocol": "http",
          "host": ["localhost"],
          "port": "4000",
          "path": ["subscribe"]
        }
      }
    },
    {
      "name": "Webhook",
      "request": {
        "method": "POST",
        "header": [],
        "url": {
          "raw": "http://localhost:4000/webhook",
          "protocol": "http",
          "host": ["localhost"],
          "port": "4000",
          "path": ["webhook"]
        }
      }
    }
  ]
}